<?xml version="1.0" encoding="UTF-8" ?>
<!DOCTYPE mapper PUBLIC "-//mybatis.org//DTD Mapper 3.0//EN" "http://mybatis.org/dtd/mybatis-3-mapper.dtd" >
<mapper namespace="com.xurong.mapping.BooksMapper" >
  <resultMap id="BaseResultMap" type="com.xurong.model.Books" >
    <result column="AUTHOR" property="author" jdbcType="VARCHAR" />
    <result column="NAME" property="name" jdbcType="VARCHAR" />
    <result column="PAGES" property="pages" jdbcType="VARCHAR" />
    <result column="PRICE" property="price" jdbcType="VARCHAR" />
    <result column="PUBLISHTIME" property="publishtime" jdbcType="VARCHAR" />
    <result column="COMPLETETIME" property="completetime" jdbcType="DATE" />
    <result column="CURRENTTIME" property="currenttime" jdbcType="DATE" />
  </resultMap>
  <insert id="insert" parameterType="com.xurong.model.Books" >
    insert into BOOKS (AUTHOR, NAME, PAGES, 
      PRICE, PUBLISHTIME, COMPLETETIME, 
      CURRENTTIME)
    values (#{author,jdbcType=VARCHAR}, #{name,jdbcType=VARCHAR}, #{pages,jdbcType=VARCHAR}, 
      #{price,jdbcType=VARCHAR}, #{publishtime,jdbcType=VARCHAR}, #{completetime,jdbcType=DATE}, 
      #{currenttime,jdbcType=DATE})
  </insert>
  <insert id="insertSelective" parameterType="com.xurong.model.Books" >
    insert into BOOKS
    <trim prefix="(" suffix=")" suffixOverrides="," >
      <if test="author != null" >
        AUTHOR,
      </if>
      <if test="name != null" >
        NAME,
      </if>
      <if test="pages != null" >
        PAGES,
      </if>
      <if test="price != null" >
        PRICE,
      </if>
      <if test="publishtime != null" >
        PUBLISHTIME,
      </if>
      <if test="completetime != null" >
        COMPLETETIME,
      </if>
      <if test="currenttime != null" >
        CURRENTTIME,
      </if>
    </trim>
    <trim prefix="values (" suffix=")" suffixOverrides="," >
      <if test="author != null" >
        #{author,jdbcType=VARCHAR},
      </if>
      <if test="name != null" >
        #{name,jdbcType=VARCHAR},
      </if>
      <if test="pages != null" >
        #{pages,jdbcType=VARCHAR},
      </if>
      <if test="price != null" >
        #{price,jdbcType=VARCHAR},
      </if>
      <if test="publishtime != null" >
        #{publishtime,jdbcType=VARCHAR},
      </if>
      <if test="completetime != null" >
        #{completetime,jdbcType=DATE},
      </if>
      <if test="currenttime != null" >
        #{currenttime,jdbcType=DATE},
      </if>
    </trim>
  </insert>
  <select id="findAllBooks" resultType="com.xurong.model.Books">
  	select * from books
  </select>
  <select id="findOneBook" resultType="com.xurong.model.Books">
  	select * from books where 1=1
  	<if test="author!=null and author!=''">
  		and author = #{author,jdbcType=VARCHAR}
  	</if>
  </select>
  
</mapper>