<?xml version="1.0" encoding="UTF-8" ?>
<!DOCTYPE mapper PUBLIC "-//mybatis.org//DTD Mapper 3.0//EN" "http://mybatis.org/dtd/mybatis-3-mapper.dtd" >
<mapper namespace="com.xurong.mapping.UserMapper" >
  <resultMap id="BaseResultMap" type="com.xurong.model.User" >
    <result column="ID" property="id" jdbcType="DECIMAL" />
    <result column="REALNAME" property="realname" jdbcType="VARCHAR" />
    <result column="LOGINNAME" property="loginname" jdbcType="VARCHAR" />
  </resultMap>
  <insert id="insert" parameterType="com.xurong.model.User" >
    insert into TEST_USER (ID, REALNAME, LOGINNAME
      )
    values (#{id,jdbcType=DECIMAL}, #{realname,jdbcType=VARCHAR}, #{loginname,jdbcType=VARCHAR}
      )
  </insert>
  <insert id="insertSelective" parameterType="com.xurong.model.User" >
    insert into TEST_USER
    <trim prefix="(" suffix=")" suffixOverrides="," >
      <if test="id != null" >
        ID,
      </if>
      <if test="realname != null" >
        REALNAME,
      </if>
      <if test="loginname != null" >
        LOGINNAME,
      </if>
    </trim>
    <trim prefix="values (" suffix=")" suffixOverrides="," >
      <if test="id != null" >
        #{id,jdbcType=DECIMAL},
      </if>
      <if test="realname != null" >
        #{realname,jdbcType=VARCHAR},
      </if>
      <if test="loginname != null" >
        #{loginname,jdbcType=VARCHAR},
      </if>
    </trim>
  </insert>
  <select id="login"  resultType="com.xurong.model.User">
  	select * from test_user where 1=1
  	<if test="loginname != null">
  		and loginname = #{loginname}
  	</if>
  </select>
</mapper>